{
    "Akasia Park": "Akasia Park",
    "Athlone": "Athlone",
    "Avondale": "Avondale",
    "Belhar": "Belhar",
    "Bellville": "Bellville",
    "Blackheath": "Blackheath",
    "Bonteheuwel": "Bonteheuwel",
    "Brackenfell": "Brackenfell",
    "Cape Town": "Cape Town",
    "Century City": "Century City",
    "Chris Hani": "Chris Hani",
    "Claremont": "Claremont",
    "Crawford": "Crawford",
    "Dal Josafat": "Dal Josafat",
    "De Grendel": "De Grendel",
    "Dieprivier": "Dieprivier",
    "Du Toit": "Du Toit",
    "Eerste River": "Eerste River",
    "Eikenfontein": "Eikenfontein",
    "Elsies River": "Elsies River",
    "Esplanade": "Esplanade",
    "False Bay": "False Bay",
    "Faure": "Faure",
    "Firgrove": "Firgrove",
    "Fish Hoek": "Fish Hoek",
    "Glencairn": "Glencairn",
    "Goodwood": "Goodwood",
    "Harfield Road": "Harfield Road",
    "Hazendal": "Hazendal",
    "Heathfield": "Heathfield",
    "Heideveld": "Heideveld",
    "Huguenot": "Huguenot",
    "Kalk Bay": "Kalk Bay",
    "Kenilworth": "Kenilworth",
    "Kentemade": "Kentemade",
    "Khayelitsha": "Khayelitsha",
    "Klapmuts": "Klapmuts",
    "Koeberg Road": "Koeberg Road",
    "Kraaifontein": "Kraaifontein",
    "Kuils River": "Kuils River",
    "Lakeside": "Lakeside",
    "Langa": "Langa",
    "Lansdowne": "Lansdowne",
    "Lavistown": "Lavistown",
    "Lynedoch": "Lynedoch",
    "Maitland": "Maitland",
    "Mandalay": "Mandalay",
    "Mbekweni": "Mbekweni",
    "Meltonrose": "Meltonrose",
    "Monte Vista": "Monte Vista",
    "Mowbray": "Mowbray",
    "Muizenberg": "Muizenberg",
    "Muldersvlei": "Muldersvlei",
    "Mutual": "Mutual",
    "Ndabeni": "Ndabeni",
    "Netreg": "Netreg",
    "Newlands": "Newlands",
    "Nolungile": "Nolungile",
    "Nonkqubela": "Nonkqubela",
    "Nyanga": "Nyanga",
    "Observatory": "Observatory",
    "Oosterzee": "Oosterzee",
    "Ottery": "Ottery",
    "Paarl": "Paarl",
    "Parow": "Parow",
    "Pentech": "Pentech",
    "Philippi": "Philippi",
    "Pinelands": "Pinelands",
    "Plumstead": "Plumstead",
    "Retreat": "Retreat",
    "Rondebosch": "Rondebosch",
    "Rosebank": "Rosebank",
    "Salt River": "Salt River",
    "Sarepta": "Sarepta",
    "Simonstown": "Simonstown",
    "Somerset West": "Somerset West",
    "Southfield": "Southfield",
    "St James": "St James",
    "Steenberg": "Steenberg",
    "Stellenbosch": "Stellenbosch",
    "Steurhof": "Steurhof",
    "Stikland": "Stikland",
    "Stock Road": "Stock Road",
    "Strand": "Strand",
    "Sunny Cove": "Sunny Cove",
    "Thornton": "Thornton",
    "Tygerberg": "Tygerberg",
    "Unibell": "Unibell",
    "Van Der Stel": "Van Der Stel",
    "Vasco": "Vasco",
    "Vlottenburg": "Vlottenburg",
    "Wellington": "Wellington",
    "Wetton": "Wetton",
    "Wittebome": "Wittebome",
    "Woltemade": "Woltemade",
    "Woodstock": "Woodstock",
    "Wynberg": "Wynberg",
    "Ysterplaat": "Ysterplaat"
}